Class,Disease,Cure
0,Apple Apple scab,"Choose resistant varieties when possible.Rake under trees and destroy infected leaves to reduce the number of fungal spores available to start the disease cycle over again next spring.Water in the evening or early morning hours avoid overhead irrigation to give the leaves time to dry out before infection can occur.
Spread a 3 to 6inch layer of compost under trees, keeping it away from the trunk, to cover soil and prevent splash dispersal of the fungal spores.next spring.Water in the evening or early morning hours avoid overhead irrigation to give the leaves time to dry out before infection can occur. "
1,Apple Black rot,"Prune out cankers, dead branches, twigs, etc. which serve as inoculum sources and dispose of dead wood. This should be an important component of both currentseason and longrange management.Prune and remove cankers at least 15 inches below the basal end; properly dispose of prunings by burial or burning.Remove all mummified fruit. Control fire blight by pruning out infected wood or controlling insect vectors. Maintain healthy trees and prevent tree stress."
2,Apple Cedar apple rust,"Choose resistant cultivars when available. Rake up and dispose of fallen leaves and other debris from under trees. Remove galls from infected junipers. In some cases, juniper plants should be removed entirely. Apply preventative, diseasefighting fungicides labeled for use on apples weekly, starting with bud break, to protect trees from spores being released by the juniper host. This occurs only once per year, so additional applications after this springtime spread are not necessary."
3,Apple healthy,Crop is healthy
4,Blueberry healthy,Crop is healthy
5,Cherry including sour Powdery mildew,"The key to managing powdery mildew on the fruit is to keep the disease off of the leaves. Most synthetic fungicides are preventative, not eradicative, so be pro-active about disease prevention. Maintain a consistent program from shuck fall through harvest. Consider post-harvest preventative measures like application of sulfur, prevent trees from pushing for leaf growth to obstruct the fungus from overwintering"
6,Cherry including sour  healthy,Crop is healthy
7,Corn maize Cercospora leaf spot Gray leaf spot,"In order to best prevent and manage corn grey leaf spot, the overall approach is to reduce the rate of disease growth and expansion. This is done by limiting the amount of secondary disease cycles and protecting leaf area from damage until after corn grain formation. High risks for corn grey leaf spot are divided into eight factors, which require specific management strategies."
8,Corn maize  Common rust,Apply a foliar fungicide if rust is spreading rapidly or likely to spread and yield may be affected. Disease exceeds threshold established by your state extension plant pathologist
9,Corn maize  Northern Leaf Blight,"Growers can manage NLB by selecting resistant hybrids, reducing previous corn residue, timely planting, and in high-risk fields with recent NLB outbreaks, application of fungicides. To determine level of risk, growers are encouraged to routinely scout fields for presence of NLB and other leaf diseases. Scouting is also important to identify any stalk quality problems that often result from leaf diseases."
10,Corn maize  healthy,Crop is healthy
11,Grape Black rot,"Cut off the obviously affected parts of the grape vine with a sterile knife. Remove all spotted leaves and the black, mummified grapes. Be extremely thorough and make sure you remove all parts of the plant that are affected by the black rot. Apply a paste of cinnamon mixed with cooking oil to the remaining tissues of the plant. This paste when applied to the newly cut sections of the plant seals the wound and keeps it dry."
12,Grape Esca Black Measles ,"Lime sulfur sprays can manage the trio of pathogens that cause black measles, also known as young vine decline. Another treatment is packing infected vine cavities with any tar-like substance to seal off the fungi and stop release of their spores."
13,Grape Leaf blight Isariopsis Leaf Spot ,Application of Bordeaux mixture or other appropriate fungicide while vines are dormant may be necessary
14,Grape healthy,Crop is healthy
15,Orange Haunglongbing Citrus greening ,"To slow the progression of citrus greening in infected trees, trace amounts of nutrients are applied to the leaves or to the roots. Providing better nutrition helps trees fight against citrus greening and enables them to continue to produce quality fruit for an extended period of time. Nutritional treatments are continuing to be extensively researched in mitigating the effects of citrus greening"
16,Peach Bacterial spot,Bacterial spot symptoms on leaves generally are not seen until after bloom but onset can occur earlier if conditions are highly favorable.Removal of gummy tissue during spring pruning may help to reduce inoculum levels.
17,Peach healthy,Crop is healthy
18,Pepper bell Bacterial spot,"The first strategy to use for controlling any disease is to eliminate or reduce the amount of the pathogen available to initiate disease. An important source of the bacterium that causes bacterial spot in pepper is infested seed. Therefore, the use of disease-free seed and transplants are some of the most important bacterial spot management practices. Infested crop debris and infected weeds are additional sources of the pathogen and must also be managed in an effective bacterial spot control program"
19,Pepper bell healthy,Crop is healthy
20,Potato Early blight,Prune or stake plants to improve air circulation and reduce fungal problems. Make sure to disinfect your pruning shears one part bleach to 4 parts water after each cut. Keep the soil under plants clean and free of garden debris. Add a layer of organic compost to prevent the spores from splashing back up onto vegetation. Drip irrigation and soaker hoses can be used to help keep the foliage dry.
21,Potato Late blight,"Plant resistant cultivars when available. Remove volunteers from the garden prior to planting and space plants far enough apart to allow for plenty of air circulation. Water in the early morning hours, or use soaker hoses, to give plants time to dry out during the day - avoid overhead irrigation. Destroy all tomato and potato debris after harvest."
22,Potato healthy,Crop is healthy
23,Raspberry healthy,Crop is healthy
24,Soybean healthy,Crop is healthy
25,Squash Powdery mildew,"Techniques for treating powdery mildew in squash are to destroy any diseased plant debris, space plantings since a densely planted plot is more likely to be infected, and plant resistant varieties when possible. Also, keep the garden free of weeds. Powdery mildew control may also be need to be combined with a timely application of a fungicide."
26,Strawberry Leaf scorch,"Remove the older and infected leaves from runner plants before setting. Take care in spacing runner plants in matted row culture. Plant in light, well-drained soil in a location exposed to all-day sun and good air circulation. Control weeds in the planting. Weeds reduce air circulation and increase drying time for leaves. Leaves stay wet longer in weedy plantings. Removing infected leaves after harvest during renovation is helpful in reducing inoculum and controlling all the leaf diseases."
27,Strawberry healthy,Crop is healthy
28,Tomato Bacterial spot,"To avoid bacterial spot, cultivators should buy certified disease-free tomato seeds and use sterilized soil or a mix that is commercially rendered. If it is not possible to acquire disease-free tomato seeds, your seeds should be submerged for one minute in 1.3% sodium hypochlorite, which helps eliminate bacteria on their surface"
29,Tomato Early blight,Prune or stake plants to improve air circulation and reduce fungal problems. Make sure to disinfect your pruning shears one part bleach to 4 parts water after each cut. Keep the soil under plants clean and free of garden debris. Drip irrigation and soaker hoses can be used to help keep the foliage dry.
30,Tomato Late blight,"Plant resistant cultivars when available. Remove volunteers from the garden prior to planting and space plants far enough apart to allow for plenty of air circulation. Water in the early morning hours, or use soaker hoses, to give plants time to dry out during the day avoid overhead irrigation. Destroy all tomato debris after harvest "
31,Tomato Leaf Mold,"When you notice the infected areas, the first thing you can do is let the plants air out. If they are being grown in a green house, air exposure is a must, because the humidity that the fungus needs to survive is dried up. If the tomatoes are being grown outside, try to keep from wetting the leaves when you are watering the plants. When you water the plants, earlier watering is optimal because it allows the plant time to dry when the sun comes, keeping humidity around leaves to a minimum."
32,Tomato Septoria leaf spot,"The chemicals need to be applied on a seven- to ten-day schedule to be effective. Spraying begins after blossom drop when the first fruits are visible. The most commonly used chemicals are maneb and chlorothalonil, but there are other options available to the home gardener. Potassium bicarbonate, ziram and copper products are a few other sprays useful against the fungus. Consult the label carefully for instructions on rate and method of application."
33,Tomato Spider mites Two spotted spider mite,"Apply insecticides only as-needed, rather than at regularly scheduled intervals. When possible, select pesticides which will have the least impact on beneficial insects. Destruction of weeds adjacent to and in fields should be done in the fall or early spring. Growers should manage weeds around fields carefully during the season. Grass should be mowed regularly. Spraying or mowing of weeds after growth has become rank may increase the movement of mites to cultivated plants"
34,Tomato Target Spot,"Remove old plant debris at the end of the growing season, otherwise, the spores will travel from debris to newly planted tomatoes in the following growing season, thus beginning the disease anew. Dispose of the debris properly and don't place it on your compost pile unless you're sure your compost gets hot enough to kill the spores."
35,Tomato Tomato Yellow Leaf Curl Virus,Use only virus and whitefly free tomato and pepper transplants. Transplants should be treated with Capture bifenthrin or Venom dinotefuran for whitefly adults and Oberon for eggs and nymphs. Imidacloprid or thiamethoxam should be used in transplant houses at least seven days before shipping. Transplants should be produced in areas well away from tomato and pepper production fields.
36,Tomato Tomato mosaic virus,"The only treatment is prevention. No chemical products are available to cure or protect plants. The best factor in controlling and reducing infection is to practice sanitation. Remove any infected plants, including the roots. Remove any plants near those affected."
37,Tomato healthy,Crop is healthy
