Class,DISEASE,CURE
0,Grape Black rot,A mixture of cultural and chemical control practices can manage grape black rot disease caused by Guignardia bidwellii. Cultural control aspects involve the basics in plant care and field sanitation as well as cleanup after an infectious outbreak. Chemical control has a large influence to prevent but not eliminate disease.
1,Tomato Target Spot,"There are several cultural control practices that may be useful for managing this pathogen. Before planting begins, measures should be taken for prevention. These measures include avoiding planting crops next to ones known to already have the disease. In order to do so, seedlings should be checked for these leaf spots previously mentioned"
2,Tomato healthy,Crop is healthy
3,Tomato Spider mites Two spotted spider mite,"Use natural predators such as those that feed on spider mites Phytoseiulus persimilis, Neoseiulus californicus or Mesoseiulus longipes. It is important that you introduce before there is a large infestation, so that they can adequately control it."
4,Potato Early blight,"Early blight is most severe when plants are stressed by other diseases, insects, or environmental conditions. Plant only high quality seed free from other pathogens. Provide adequate but not excessive irrigation and fertility for optimal crop development. Varieties differ widely in their susceptibility to early blight; highly susceptible early maturing varieties such as Russet Norkotah should be avoided if possible. Practice a 2 to 3 year crop rotation with non-susceptible hosts. Harvest at least 14 days after vine kill to ensure tubers have complete skin set which will reduce skinning injury and storage losses"
5,Strawberry healthy,Crop is healthy
6,Corn maize healthy,Crop is healthy
7,Tomato Septoria leaf spot,"Plant high quality seed free from the Septoria leaf spot pathogen. Practice a 2-year or longer crop rotation between tomato crops. Eliminate weeds in and around tomato fields and rotation crops that can serve as alternate hosts for the Septoria leaf spot pathogen. Deeply bury crop debris soon after harvest to reduce pathogen overwintering and survival. Promote rapid leaf drying by avoiding dense plantings, staking plants, and orientating rows parallel to the prevailing wind direction. Avoid overhead irrigation if possible, and time irrigations to end before dusk and avoid prolonged periods of leaf wetness. Reduce the contact between foliage and soil. Do not work in tomato fields when foliage is wet to reduce plant-to-plant spread of the fungus."
8,Tomato Tomato Yellow Leaf Curl Virus,"Chemical control methods include the application of systemic insecticides as soil drenches or regular sprays during the seedling stage to reduce the population of the whitefly vector. A second application may be necessary to control adults that have emerged from the egg and nymph stage since the application of the first spray. Rotation of insecticides may be necessary to prevent the development of resistance in the vector. However, chemical control may not be effective in areas where disease incidence is high. "
9,Tomato Bacterial spot,"There are no known effective treatments for BLS, consequently, removal of affected plants is recommended."
10,Orange Haunglongbing Citrus greening,"Bactericides are a topical treatment aimed at slowing the bacteria that cause citrus greening. The bactericides do not absorb into the tree or fruit. While this is a relatively new treatment for citrus trees, it has been used for many years by pear and apple growers to fight bacterial infections on their trees."
11,Tomato Late blight,"Liquid Copper Spray. Use as a dormant or growing season spray on fruits, flowers and vegetable crops. "
12,Peach healthy,Crop is healthy
13,Cherry including sour Powdery mildew,"The most important spray timing for powdery mildew control is the first cover timing, the first spray application after shuck split. Prior to shuck split, chlorothalonil Bravo and other generics is the fungicide of choice in tart cherry orchards due to its excellent activity in cherry leaf spot control."
14,Apple Black rot,"Treating black rot on apple trees starts with sanitation. Because fungal spores overwinter on fallen leaves, mummified fruits, dead bark and cankers, it’s important to keep all the fallen debris and dead fruit cleaned up and away from the tree."
15,Pepper bell healthy,Crop is healthy
16,Raspberry healthy,Crop is healthy
17,Grape healthy,Crop is healthy
18,Peach Bacterial spot,Keep your peach trees healthy by properly pruning out any diseased or dead limbs and fertilize and water as necessary. Too much nitrogen can aggravate the disease.
19,Tomato Leaf Mold,"When you notice the infected areas, the first thing you can do is let the plants air out. If they are being grown in a green house, air exposure is a must, because the humidity that the fungus needs to survive is dried up."
20,Squash Powdery mildew,"Techniques for treating powdery mildew in squash are to destroy any diseased plant debris, space plantings since a densely planted plot is more likely to be infected, and plant resistant varieties when possible. Also, keep the garden free of weeds. Powdery mildew control may also be need to be combined with a timely application of a fungicide."
21,Potato Late blight,"Plant resistant cultivars when available.Remove volunteers from the garden prior to planting and space plants far enough apart to allow for plenty of air circulation.Water in the early morning hours, or use soaker hoses, to give plants time to dry out during the day — avoid overhead irrigation.Destroy all tomato and potato debris after harvest."
22,Cherry  including sour healthy,Crop is healthy
23,Tomato Early blight,Prune or stake plants to improve air circulation and reduce fungal problems.Make sure to disinfect your pruning shears one part bleach to 4 parts water after each cut.Keep the soil under plants clean and free of garden debris. Add a layer of organic compost to prevent the spores from splashing back up onto vegetation.Drip irrigation and soaker hoses can be used to help keep the foliage dry.
24,Apple healthy,Crop is healthy
25,Soybean healthy,Crop is healthy
26,Strawberry Leaf scorch,"Treat red stele root rot by increasing drainage. Discolored roots confirm the presence of the red stele root rot pathogen. The pathogen likes to live in wet soil, which suggests your strawberries don't have enough drainage. Add well draining soil such as compost or peat moss to your garden"
27,Corn maize Common rust,"Fungicides have been used against both common and southern rust, but they are usually not needed in maize because of the resistance bred into commercial varieties. However, foliar fungicides may have a use on sweet corn."
28,Blueberry healthy,Crop is healthy
29,Pepper bell Bacterial spot,"Insecticides containing copper are also useful in preventing the disease. In most cases, however, once the disease appears, copper isn’t effective in treating pepper leaf spots. Use insecticides containing copper early in the season when you’ve had problems with the disease in previous years."
30,Grape Leaf blight,"Combine one part whole milk to nine parts water, mix well and transfer to a spray bottle to begin organic treatment for downy mildew. Lightly spray the grapevines and leaves twice a week to control the fungus."
31,Apple Cedar apple rust,"Apply preventative, disease-fighting fungicides labeled for use on apples weekly, starting with bud break, to protect trees from spores being released by the juniper host. This occurs only once per year, so additional applications after this springtime spread are not necessary."
32,Apple Apple scab,"The method of apple scab treatment is to apply a fungicide, such as Myclotect 2 to 4 times in the spring as the leaves emerge. It is important to know that fungicide applications are preventive only and need to be applied as leaves emerge and then again 14 days later. Fungicides properly applied will be 95 percent effective for treating apple scab. Midsummer treatments after symptoms begin to appear will be unsuccessful."
33,Tomato Tomato mosaic virus,"The only treatment is prevention. No chemical products are available to cure or protect plants. The best factor in controlling and reducing infection is to practice sanitation. Remove any infected plants, including the roots. Remove Also, discard any plants near those affected."
34,Corn  maize Cercospora leaf spot Gray leaf spot,"n order to best prevent and manage corn grey leaf spot, the overall approach is to reduce the rate of disease growth and expansion. This is done by limiting the amount of secondary disease cycles and protecting leaf area from damage until after corn grain formation. High risks for corn grey leaf spot are divided into eight factors, which require specific management strategies"
35,Potato healthy,Crop is healthy
36,Grape Esca  Black Measles,"Chemical control of esca is still carried out by means of sodium arsenite treatments,at least in France, Portugal, and Spain, where its use has not yet been banned. Although the mode of action of thearsenites is not completely understood,they prevent or limit the symptoms of esca."
37,Corn  maize Northern Leaf Blight,"Management of NCLB can be achieved primarily by using hybrids with resistance, but because resistance may not be complete or may fail, it is advantageous to utilize an integrated approach with different cropping practices and fungicides. Scouting fields and monitoring local conditions is vital to control this disease"
